Sr. No.,Message,Type,Date/Time
1,invoice saved successfully,Success,13-04-2026 16:07:09
2,404:Unsynced Data not found.,Info,13-04-2026 16:07:05
3,404:Unsynced Data not found.,Info,13-04-2026 16:06:45
4,404:Unsynced Data not found.,Info,13-04-2026 16:06:25
5,404:Unsynced Data not found.,Info,13-04-2026 16:06:04
6,404:Unsynced Data not found.,Info,13-04-2026 16:05:44
7,404:Unsynced Data not found.,Info,13-04-2026 16:05:24
8,404:Unsynced Data not found.,Info,13-04-2026 16:05:04
9,404:Unsynced Data not found.,Info,13-04-2026 16:04:44
10,404:Unsynced Data not found.,Info,13-04-2026 16:04:23
11,404:Unsynced Data not found.,Info,13-04-2026 16:04:03
12,404:Unsynced Data not found.,Info,13-04-2026 16:03:43
13,404:Unsynced Data not found.,Info,13-04-2026 16:03:23
14,404:Unsynced Data not found.,Info,13-04-2026 16:03:03
15,404:Unsynced Data not found.,Info,13-04-2026 16:02:42
16,404:Unsynced Data not found.,Info,13-04-2026 16:02:22
17,"4/13/2026 4:02:01 PM, DbInsertIssue: SQLite Error 5: 'database is locked'.",Exception,13-04-2026 16:02:01
18,404:Unsynced Data not found.,Info,13-04-2026 16:02:01
19,POS service started.,Info,13-04-2026 16:02:01
20,POS service started.,Info,13-04-2026 16:02:00
21,POS service stopped.,Info,13-04-2026 16:01:57
22,POS Windows Service Crashed,Error,13-04-2026 16:01:57
23,404:Unsynced Data not found.,Info,13-04-2026 16:01:49
24,404:Unsynced Data not found.,Info,13-04-2026 16:01:29
25,404:Unsynced Data not found.,Info,13-04-2026 16:01:09
26,404:Unsynced Data not found.,Info,13-04-2026 16:00:49
27,404:Unsynced Data not found.,Info,13-04-2026 16:00:28
28,404:Unsynced Data not found.,Info,13-04-2026 16:00:08
29,404:Unsynced Data not found.,Info,13-04-2026 15:59:48
30,404:Unsynced Data not found.,Info,13-04-2026 15:59:28
31,404:Unsynced Data not found.,Info,13-04-2026 15:59:08
32,404:Unsynced Data not found.,Info,13-04-2026 15:58:47
33,404:Unsynced Data not found.,Info,13-04-2026 15:58:27
34,404:Unsynced Data not found.,Info,13-04-2026 15:58:07
35,404:Unsynced Data not found.,Info,13-04-2026 15:57:47
36,404:Unsynced Data not found.,Info,13-04-2026 15:57:27
37,404:Unsynced Data not found.,Info,13-04-2026 15:57:06
38,404:Unsynced Data not found.,Info,13-04-2026 15:56:46
39,404:Unsynced Data not found.,Info,13-04-2026 15:56:26
40,404:Unsynced Data not found.,Info,13-04-2026 15:56:06
41,404:Unsynced Data not found.,Info,13-04-2026 15:55:46
42,404:Unsynced Data not found.,Info,13-04-2026 15:55:25
43,404:Unsynced Data not found.,Info,13-04-2026 15:55:05
44,404:Unsynced Data not found.,Info,13-04-2026 15:54:45
45,404:Unsynced Data not found.,Info,13-04-2026 15:54:25
46,404:Unsynced Data not found.,Info,13-04-2026 15:54:05
47,404:Unsynced Data not found.,Info,13-04-2026 15:53:44
48,404:Unsynced Data not found.,Info,13-04-2026 15:53:24
49,404:Unsynced Data not found.,Info,13-04-2026 15:53:04
50,404:Unsynced Data not found.,Info,13-04-2026 15:52:44
51,404:Unsynced Data not found.,Info,13-04-2026 15:52:24
52,404:Unsynced Data not found.,Info,13-04-2026 15:52:03
53,404:Unsynced Data not found.,Info,13-04-2026 15:51:43
54,404:Unsynced Data not found.,Info,13-04-2026 15:51:23
55,404:Unsynced Data not found.,Info,13-04-2026 15:51:03
56,404:Unsynced Data not found.,Info,13-04-2026 15:50:43
57,404:Unsynced Data not found.,Info,13-04-2026 15:50:22
58,404:Unsynced Data not found.,Info,13-04-2026 15:50:02
59,404:Unsynced Data not found.,Info,13-04-2026 15:49:42
60,404:Unsynced Data not found.,Info,13-04-2026 15:49:22
61,404:Unsynced Data not found.,Info,13-04-2026 15:49:02
62,404:Unsynced Data not found.,Info,13-04-2026 15:48:41
63,404:Unsynced Data not found.,Info,13-04-2026 15:48:21
64,404:Unsynced Data not found.,Info,13-04-2026 15:48:01
65,404:Unsynced Data not found.,Info,13-04-2026 15:47:41
66,404:Unsynced Data not found.,Info,13-04-2026 15:47:21
67,404:Unsynced Data not found.,Info,13-04-2026 15:47:00
68,404:Unsynced Data not found.,Info,13-04-2026 15:46:40
69,404:Unsynced Data not found.,Info,13-04-2026 15:46:20
70,404:Unsynced Data not found.,Info,13-04-2026 15:46:00
71,404:Unsynced Data not found.,Info,13-04-2026 15:45:39
72,404:Unsynced Data not found.,Info,13-04-2026 15:45:19
73,404:Unsynced Data not found.,Info,13-04-2026 15:44:59
74,404:Unsynced Data not found.,Info,13-04-2026 15:44:39
75,404:Unsynced Data not found.,Info,13-04-2026 15:44:19
76,404:Unsynced Data not found.,Info,13-04-2026 15:43:58
77,404:Unsynced Data not found.,Info,13-04-2026 15:43:38
78,404:Unsynced Data not found.,Info,13-04-2026 15:43:18
79,404:Unsynced Data not found.,Info,13-04-2026 15:42:58
80,404:Unsynced Data not found.,Info,13-04-2026 15:42:37
81,404:Unsynced Data not found.,Info,13-04-2026 15:42:17
82,404:Unsynced Data not found.,Info,13-04-2026 15:41:57
83,404:Unsynced Data not found.,Info,13-04-2026 15:41:37
84,404:Unsynced Data not found.,Info,13-04-2026 15:41:17
85,404:Unsynced Data not found.,Info,13-04-2026 15:40:56
86,404:Unsynced Data not found.,Info,13-04-2026 15:40:36
87,404:Unsynced Data not found.,Info,13-04-2026 15:40:16
88,404:Unsynced Data not found.,Info,13-04-2026 15:39:56
89,404:Unsynced Data not found.,Info,13-04-2026 15:39:36
90,404:Unsynced Data not found.,Info,13-04-2026 15:39:15
91,404:Unsynced Data not found.,Info,13-04-2026 15:38:55
92,404:Unsynced Data not found.,Info,13-04-2026 15:38:35
93,404:Unsynced Data not found.,Info,13-04-2026 15:38:15
94,404:Unsynced Data not found.,Info,13-04-2026 15:37:55
95,404:Unsynced Data not found.,Info,13-04-2026 15:37:34
96,404:Unsynced Data not found.,Info,13-04-2026 15:37:14
97,404:Unsynced Data not found.,Info,13-04-2026 15:36:54
98,404:Unsynced Data not found.,Info,13-04-2026 15:36:34
99,404:Unsynced Data not found.,Info,13-04-2026 15:36:14
100,404:Unsynced Data not found.,Info,13-04-2026 15:35:54
101,404:Unsynced Data not found.,Info,13-04-2026 15:35:33
102,404:Unsynced Data not found.,Info,13-04-2026 15:35:13
103,404:Unsynced Data not found.,Info,13-04-2026 15:34:53
104,404:Unsynced Data not found.,Info,13-04-2026 15:34:33
105,404:Unsynced Data not found.,Info,13-04-2026 15:34:12
106,404:Unsynced Data not found.,Info,13-04-2026 15:33:52
107,404:Unsynced Data not found.,Info,13-04-2026 15:33:32
108,404:Unsynced Data not found.,Info,13-04-2026 15:33:12
109,404:Unsynced Data not found.,Info,13-04-2026 15:32:52
110,404:Unsynced Data not found.,Info,13-04-2026 15:32:32
111,404:Unsynced Data not found.,Info,13-04-2026 15:32:11
112,404:Unsynced Data not found.,Info,13-04-2026 15:31:51
113,404:Unsynced Data not found.,Info,13-04-2026 15:31:31
114,404:Unsynced Data not found.,Info,13-04-2026 15:31:11
115,404:Unsynced Data not found.,Info,13-04-2026 15:30:51
116,404:Unsynced Data not found.,Info,13-04-2026 15:30:30
117,404:Unsynced Data not found.,Info,13-04-2026 15:30:10
118,404:Unsynced Data not found.,Info,13-04-2026 15:29:50
119,404:Unsynced Data not found.,Info,13-04-2026 15:29:30
120,404:Unsynced Data not found.,Info,13-04-2026 15:29:10
121,404:Unsynced Data not found.,Info,13-04-2026 15:28:49
122,404:Unsynced Data not found.,Info,13-04-2026 15:28:29
123,404:Unsynced Data not found.,Info,13-04-2026 15:28:09
124,404:Unsynced Data not found.,Info,13-04-2026 15:27:49
125,404:Unsynced Data not found.,Info,13-04-2026 15:27:29
126,404:Unsynced Data not found.,Info,13-04-2026 15:27:08
127,404:Unsynced Data not found.,Info,13-04-2026 15:26:48
128,404:Unsynced Data not found.,Info,13-04-2026 15:26:28
129,404:Unsynced Data not found.,Info,13-04-2026 15:26:08
130,404:Unsynced Data not found.,Info,13-04-2026 15:25:47
131,404:Unsynced Data not found.,Info,13-04-2026 15:25:27
132,404:Unsynced Data not found.,Info,13-04-2026 15:25:07
133,404:Unsynced Data not found.,Info,13-04-2026 15:24:47
134,404:Unsynced Data not found.,Info,13-04-2026 15:24:27
135,404:Unsynced Data not found.,Info,13-04-2026 15:24:07
136,404:Unsynced Data not found.,Info,13-04-2026 15:23:46
137,404:Unsynced Data not found.,Info,13-04-2026 15:23:26
138,404:Unsynced Data not found.,Info,13-04-2026 15:23:06
139,404:Unsynced Data not found.,Info,13-04-2026 15:22:46
140,404:Unsynced Data not found.,Info,13-04-2026 15:22:25
141,404:Unsynced Data not found.,Info,13-04-2026 15:22:05
142,404:Unsynced Data not found.,Info,13-04-2026 15:21:45
143,404:Unsynced Data not found.,Info,13-04-2026 15:21:25
144,404:Unsynced Data not found.,Info,13-04-2026 15:21:05
145,404:Unsynced Data not found.,Info,13-04-2026 15:20:44
146,404:Unsynced Data not found.,Info,13-04-2026 15:20:24
147,404:Unsynced Data not found.,Info,13-04-2026 15:20:04
148,404:Unsynced Data not found.,Info,13-04-2026 15:19:44
149,404:Unsynced Data not found.,Info,13-04-2026 15:19:24
150,404:Unsynced Data not found.,Info,13-04-2026 15:19:03
151,404:Unsynced Data not found.,Info,13-04-2026 15:18:43
152,404:Unsynced Data not found.,Info,13-04-2026 15:18:23
153,404:Unsynced Data not found.,Info,13-04-2026 15:18:03
154,404:Unsynced Data not found.,Info,13-04-2026 15:17:43
155,404:Unsynced Data not found.,Info,13-04-2026 15:17:22
156,404:Unsynced Data not found.,Info,13-04-2026 15:17:02
157,404:Unsynced Data not found.,Info,13-04-2026 15:16:42
158,404:Unsynced Data not found.,Info,13-04-2026 15:16:22
159,404:Unsynced Data not found.,Info,13-04-2026 15:16:02
160,404:Unsynced Data not found.,Info,13-04-2026 15:15:41
161,404:Unsynced Data not found.,Info,13-04-2026 15:15:21
162,404:Unsynced Data not found.,Info,13-04-2026 15:15:01
163,404:Unsynced Data not found.,Info,13-04-2026 15:14:41
164,404:Unsynced Data not found.,Info,13-04-2026 15:14:21
165,404:Unsynced Data not found.,Info,13-04-2026 15:14:00
166,404:Unsynced Data not found.,Info,13-04-2026 15:13:40
167,404:Unsynced Data not found.,Info,13-04-2026 15:13:20
168,404:Unsynced Data not found.,Info,13-04-2026 15:13:00
169,404:Unsynced Data not found.,Info,13-04-2026 15:12:40
170,404:Unsynced Data not found.,Info,13-04-2026 15:12:19
171,404:Unsynced Data not found.,Info,13-04-2026 15:11:59
172,404:Unsynced Data not found.,Info,13-04-2026 15:11:39
173,404:Unsynced Data not found.,Info,13-04-2026 15:11:19
174,404:Unsynced Data not found.,Info,13-04-2026 15:10:59
175,404:Unsynced Data not found.,Info,13-04-2026 15:10:38
176,404:Unsynced Data not found.,Info,13-04-2026 15:10:18
177,404:Unsynced Data not found.,Info,13-04-2026 15:09:58
178,404:Unsynced Data not found.,Info,13-04-2026 15:09:38
179,404:Unsynced Data not found.,Info,13-04-2026 15:09:18
180,404:Unsynced Data not found.,Info,13-04-2026 15:08:58
181,404:Unsynced Data not found.,Info,13-04-2026 15:08:37
182,404:Unsynced Data not found.,Info,13-04-2026 15:08:17
183,404:Unsynced Data not found.,Info,13-04-2026 15:07:57
184,404:Unsynced Data not found.,Info,13-04-2026 15:07:37
185,404:Unsynced Data not found.,Info,13-04-2026 15:07:17
186,404:Unsynced Data not found.,Info,13-04-2026 15:06:56
187,404:Unsynced Data not found.,Info,13-04-2026 15:06:36
188,404:Unsynced Data not found.,Info,13-04-2026 15:06:16
189,404:Unsynced Data not found.,Info,13-04-2026 15:05:56
190,404:Unsynced Data not found.,Info,13-04-2026 15:05:36
191,404:Unsynced Data not found.,Info,13-04-2026 15:05:15
192,404:Unsynced Data not found.,Info,13-04-2026 15:04:55
193,404:Unsynced Data not found.,Info,13-04-2026 15:04:35
194,404:Unsynced Data not found.,Info,13-04-2026 15:04:15
195,404:Unsynced Data not found.,Info,13-04-2026 15:03:55
196,404:Unsynced Data not found.,Info,13-04-2026 15:03:34
197,404:Unsynced Data not found.,Info,13-04-2026 15:03:14
198,404:Unsynced Data not found.,Info,13-04-2026 15:02:54
199,404:Unsynced Data not found.,Info,13-04-2026 15:02:34
200,404:Unsynced Data not found.,Info,13-04-2026 15:02:13
201,404:Unsynced Data not found.,Info,13-04-2026 15:01:53
202,404:Unsynced Data not found.,Info,13-04-2026 15:01:33
203,404:Unsynced Data not found.,Info,13-04-2026 15:01:13
204,404:Unsynced Data not found.,Info,13-04-2026 15:00:53
205,404:Unsynced Data not found.,Info,13-04-2026 15:00:32
206,404:Unsynced Data not found.,Info,13-04-2026 15:00:12
207,404:Unsynced Data not found.,Info,13-04-2026 14:59:52
208,404:Unsynced Data not found.,Info,13-04-2026 14:59:32
209,404:Unsynced Data not found.,Info,13-04-2026 14:59:12
210,404:Unsynced Data not found.,Info,13-04-2026 14:58:51
211,404:Unsynced Data not found.,Info,13-04-2026 14:58:31
212,404:Unsynced Data not found.,Info,13-04-2026 14:58:11
213,404:Unsynced Data not found.,Info,13-04-2026 14:57:51
214,404:Unsynced Data not found.,Info,13-04-2026 14:57:31
215,404:Unsynced Data not found.,Info,13-04-2026 14:57:10
216,404:Unsynced Data not found.,Info,13-04-2026 14:56:50
217,404:Unsynced Data not found.,Info,13-04-2026 14:56:30
218,404:Unsynced Data not found.,Info,13-04-2026 14:56:09
219,404:Unsynced Data not found.,Info,13-04-2026 14:55:49
220,404:Unsynced Data not found.,Info,13-04-2026 14:55:29
221,404:Unsynced Data not found.,Info,13-04-2026 14:55:09
222,404:Unsynced Data not found.,Info,13-04-2026 14:54:48
223,404:Unsynced Data not found.,Info,13-04-2026 14:54:28
224,404:Unsynced Data not found.,Info,13-04-2026 14:54:08
225,404:Unsynced Data not found.,Info,13-04-2026 14:53:48
226,404:Unsynced Data not found.,Info,13-04-2026 14:53:28
227,404:Unsynced Data not found.,Info,13-04-2026 14:53:07
228,404:Unsynced Data not found.,Info,13-04-2026 14:52:47
229,404:Unsynced Data not found.,Info,13-04-2026 14:52:27
230,404:Unsynced Data not found.,Info,13-04-2026 14:52:07
231,404:Unsynced Data not found.,Info,13-04-2026 14:51:47
232,404:Unsynced Data not found.,Info,13-04-2026 14:51:26
233,404:Unsynced Data not found.,Info,13-04-2026 14:51:06
234,404:Unsynced Data not found.,Info,13-04-2026 14:50:46
235,404:Unsynced Data not found.,Info,13-04-2026 14:50:26
236,404:Unsynced Data not found.,Info,13-04-2026 14:50:06
237,404:Unsynced Data not found.,Info,13-04-2026 14:49:45
238,404:Unsynced Data not found.,Info,13-04-2026 14:49:25
239,404:Unsynced Data not found.,Info,13-04-2026 14:49:05
240,404:Unsynced Data not found.,Info,13-04-2026 14:48:45
241,404:Unsynced Data not found.,Info,13-04-2026 14:48:25
242,404:Unsynced Data not found.,Info,13-04-2026 14:48:04
243,404:Unsynced Data not found.,Info,13-04-2026 14:47:44
244,404:Unsynced Data not found.,Info,13-04-2026 14:47:24
245,404:Unsynced Data not found.,Info,13-04-2026 14:47:04
246,404:Unsynced Data not found.,Info,13-04-2026 14:46:44
247,404:Unsynced Data not found.,Info,13-04-2026 14:46:23
248,404:Unsynced Data not found.,Info,13-04-2026 14:46:03
249,404:Unsynced Data not found.,Info,13-04-2026 14:45:43
250,404:Unsynced Data not found.,Info,13-04-2026 14:45:23
251,404:Unsynced Data not found.,Info,13-04-2026 14:45:02
252,404:Unsynced Data not found.,Info,13-04-2026 14:44:42
253,404:Unsynced Data not found.,Info,13-04-2026 14:44:22
254,404:Unsynced Data not found.,Info,13-04-2026 14:44:02
255,404:Unsynced Data not found.,Info,13-04-2026 14:43:42
256,404:Unsynced Data not found.,Info,13-04-2026 14:43:21
257,404:Unsynced Data not found.,Info,13-04-2026 14:43:01
258,404:Unsynced Data not found.,Info,13-04-2026 14:42:41
259,404:Unsynced Data not found.,Info,13-04-2026 14:42:21
260,404:Unsynced Data not found.,Info,13-04-2026 14:42:01
261,404:Unsynced Data not found.,Info,13-04-2026 14:41:41
262,404:Unsynced Data not found.,Info,13-04-2026 14:41:20
263,404:Unsynced Data not found.,Info,13-04-2026 14:41:00
264,404:Unsynced Data not found.,Info,13-04-2026 14:40:40
265,404:Unsynced Data not found.,Info,13-04-2026 14:40:20
266,404:Unsynced Data not found.,Info,13-04-2026 14:40:00
267,404:Unsynced Data not found.,Info,13-04-2026 14:39:39
268,404:Unsynced Data not found.,Info,13-04-2026 14:39:19
269,404:Unsynced Data not found.,Info,13-04-2026 14:38:59
270,404:Unsynced Data not found.,Info,13-04-2026 14:38:39
271,404:Unsynced Data not found.,Info,13-04-2026 14:38:19
272,404:Unsynced Data not found.,Info,13-04-2026 14:37:58
273,404:Unsynced Data not found.,Info,13-04-2026 14:37:38
274,404:Unsynced Data not found.,Info,13-04-2026 14:37:18
275,404:Unsynced Data not found.,Info,13-04-2026 14:36:58
276,404:Unsynced Data not found.,Info,13-04-2026 14:36:37
277,404:Unsynced Data not found.,Info,13-04-2026 14:36:17
278,404:Unsynced Data not found.,Info,13-04-2026 14:35:57
279,404:Unsynced Data not found.,Info,13-04-2026 14:35:37
280,404:Unsynced Data not found.,Info,13-04-2026 14:35:17
281,404:Unsynced Data not found.,Info,13-04-2026 14:34:56
282,404:Unsynced Data not found.,Info,13-04-2026 14:34:36
283,404:Unsynced Data not found.,Info,13-04-2026 14:34:16
284,404:Unsynced Data not found.,Info,13-04-2026 14:33:56
285,404:Unsynced Data not found.,Info,13-04-2026 14:33:36
286,404:Unsynced Data not found.,Info,13-04-2026 14:33:15
287,404:Unsynced Data not found.,Info,13-04-2026 14:32:55
288,404:Unsynced Data not found.,Info,13-04-2026 14:32:35
289,404:Unsynced Data not found.,Info,13-04-2026 14:32:15
290,404:Unsynced Data not found.,Info,13-04-2026 14:31:55
291,404:Unsynced Data not found.,Info,13-04-2026 14:31:34
292,404:Unsynced Data not found.,Info,13-04-2026 14:31:14
293,404:Unsynced Data not found.,Info,13-04-2026 14:30:54
294,404:Unsynced Data not found.,Info,13-04-2026 14:30:34
295,404:Unsynced Data not found.,Info,13-04-2026 14:30:14
296,404:Unsynced Data not found.,Info,13-04-2026 14:29:53
297,404:Unsynced Data not found.,Info,13-04-2026 14:29:33
298,404:Unsynced Data not found.,Info,13-04-2026 14:29:13
299,404:Unsynced Data not found.,Info,13-04-2026 14:28:53
300,404:Unsynced Data not found.,Info,13-04-2026 14:28:33
301,404:Unsynced Data not found.,Info,13-04-2026 14:28:13
302,404:Unsynced Data not found.,Info,13-04-2026 14:27:52
303,404:Unsynced Data not found.,Info,13-04-2026 14:27:32
304,404:Unsynced Data not found.,Info,13-04-2026 14:27:12
305,404:Unsynced Data not found.,Info,13-04-2026 14:26:52
306,404:Unsynced Data not found.,Info,13-04-2026 14:26:32
307,404:Unsynced Data not found.,Info,13-04-2026 14:26:11
308,404:Unsynced Data not found.,Info,13-04-2026 14:25:51
309,404:Unsynced Data not found.,Info,13-04-2026 14:25:31
310,404:Unsynced Data not found.,Info,13-04-2026 14:25:11
311,404:Unsynced Data not found.,Info,13-04-2026 14:24:51
312,404:Unsynced Data not found.,Info,13-04-2026 14:24:30
313,404:Unsynced Data not found.,Info,13-04-2026 14:24:10
314,404:Unsynced Data not found.,Info,13-04-2026 14:23:50
315,404:Unsynced Data not found.,Info,13-04-2026 14:23:30
316,404:Unsynced Data not found.,Info,13-04-2026 14:23:10
317,404:Unsynced Data not found.,Info,13-04-2026 14:22:49
318,404:Unsynced Data not found.,Info,13-04-2026 14:22:29
319,404:Unsynced Data not found.,Info,13-04-2026 14:22:09
320,404:Unsynced Data not found.,Info,13-04-2026 14:21:49
321,404:Unsynced Data not found.,Info,13-04-2026 14:21:29
322,404:Unsynced Data not found.,Info,13-04-2026 14:21:08
323,404:Unsynced Data not found.,Info,13-04-2026 14:20:48
324,404:Unsynced Data not found.,Info,13-04-2026 14:20:28
325,404:Unsynced Data not found.,Info,13-04-2026 14:20:08
326,404:Unsynced Data not found.,Info,13-04-2026 14:19:48
327,404:Unsynced Data not found.,Info,13-04-2026 14:19:28
328,404:Unsynced Data not found.,Info,13-04-2026 14:19:07
329,404:Unsynced Data not found.,Info,13-04-2026 14:18:47
330,404:Unsynced Data not found.,Info,13-04-2026 14:18:27
331,404:Unsynced Data not found.,Info,13-04-2026 14:18:07
332,404:Unsynced Data not found.,Info,13-04-2026 14:17:47
333,404:Unsynced Data not found.,Info,13-04-2026 14:17:26
334,404:Unsynced Data not found.,Info,13-04-2026 14:17:06
335,404:Unsynced Data not found.,Info,13-04-2026 14:16:46
336,404:Unsynced Data not found.,Info,13-04-2026 14:16:26
337,404:Unsynced Data not found.,Info,13-04-2026 14:16:06
338,404:Unsynced Data not found.,Info,13-04-2026 14:15:45
339,404:Unsynced Data not found.,Info,13-04-2026 14:15:25
340,404:Unsynced Data not found.,Info,13-04-2026 14:15:05
341,404:Unsynced Data not found.,Info,13-04-2026 14:14:45
342,404:Unsynced Data not found.,Info,13-04-2026 14:14:25
343,404:Unsynced Data not found.,Info,13-04-2026 14:14:04
344,404:Unsynced Data not found.,Info,13-04-2026 14:13:44
345,404:Unsynced Data not found.,Info,13-04-2026 14:13:24
346,404:Unsynced Data not found.,Info,13-04-2026 14:13:04
347,404:Unsynced Data not found.,Info,13-04-2026 14:12:44
348,404:Unsynced Data not found.,Info,13-04-2026 14:12:23
349,404:Unsynced Data not found.,Info,13-04-2026 14:12:03
350,404:Unsynced Data not found.,Info,13-04-2026 14:11:43
351,404:Unsynced Data not found.,Info,13-04-2026 14:11:23
352,404:Unsynced Data not found.,Info,13-04-2026 14:11:03
353,404:Unsynced Data not found.,Info,13-04-2026 14:10:42
354,404:Unsynced Data not found.,Info,13-04-2026 14:10:22
355,404:Unsynced Data not found.,Info,13-04-2026 14:10:02
356,404:Unsynced Data not found.,Info,13-04-2026 14:09:42
357,404:Unsynced Data not found.,Info,13-04-2026 14:09:22
358,404:Unsynced Data not found.,Info,13-04-2026 14:09:01
359,404:Unsynced Data not found.,Info,13-04-2026 14:08:41
360,404:Unsynced Data not found.,Info,13-04-2026 14:08:21
361,404:Unsynced Data not found.,Info,13-04-2026 14:08:01
362,404:Unsynced Data not found.,Info,13-04-2026 14:07:41
363,404:Unsynced Data not found.,Info,13-04-2026 14:07:20
364,404:Unsynced Data not found.,Info,13-04-2026 14:07:00
365,404:Unsynced Data not found.,Info,13-04-2026 14:06:40
366,404:Unsynced Data not found.,Info,13-04-2026 14:06:20
367,404:Unsynced Data not found.,Info,13-04-2026 14:06:00
368,404:Unsynced Data not found.,Info,13-04-2026 14:05:39
369,404:Unsynced Data not found.,Info,13-04-2026 14:05:19
370,404:Unsynced Data not found.,Info,13-04-2026 14:04:59
371,404:Unsynced Data not found.,Info,13-04-2026 14:04:39
372,404:Unsynced Data not found.,Info,13-04-2026 14:04:19
373,404:Unsynced Data not found.,Info,13-04-2026 14:03:59
374,404:Unsynced Data not found.,Info,13-04-2026 14:03:38
375,404:Unsynced Data not found.,Info,13-04-2026 14:03:18
376,404:Unsynced Data not found.,Info,13-04-2026 14:02:58
377,404:Unsynced Data not found.,Info,13-04-2026 14:02:38
378,404:Unsynced Data not found.,Info,13-04-2026 14:02:18
379,404:Unsynced Data not found.,Info,13-04-2026 14:01:57
380,404:Unsynced Data not found.,Info,13-04-2026 14:01:37
381,404:Unsynced Data not found.,Info,13-04-2026 14:01:17
382,404:Unsynced Data not found.,Info,13-04-2026 14:00:57
383,404:Unsynced Data not found.,Info,13-04-2026 14:00:37
384,404:Unsynced Data not found.,Info,13-04-2026 14:00:16
385,404:Unsynced Data not found.,Info,13-04-2026 13:59:56
386,404:Unsynced Data not found.,Info,13-04-2026 13:59:36
387,404:Unsynced Data not found.,Info,13-04-2026 13:59:16
388,404:Unsynced Data not found.,Info,13-04-2026 13:58:56
389,404:Unsynced Data not found.,Info,13-04-2026 13:58:35
390,404:Unsynced Data not found.,Info,13-04-2026 13:58:15
391,404:Unsynced Data not found.,Info,13-04-2026 13:57:55
392,404:Unsynced Data not found.,Info,13-04-2026 13:57:35
393,404:Unsynced Data not found.,Info,13-04-2026 13:57:15
394,404:Unsynced Data not found.,Info,13-04-2026 13:56:54
395,404:Unsynced Data not found.,Info,13-04-2026 13:56:34
396,404:Unsynced Data not found.,Info,13-04-2026 13:56:14
397,404:Unsynced Data not found.,Info,13-04-2026 13:55:54
398,404:Unsynced Data not found.,Info,13-04-2026 13:55:34
399,404:Unsynced Data not found.,Info,13-04-2026 13:55:13
400,404:Unsynced Data not found.,Info,13-04-2026 13:54:53
401,404:Unsynced Data not found.,Info,13-04-2026 13:54:33
402,404:Unsynced Data not found.,Info,13-04-2026 13:54:13
403,404:Unsynced Data not found.,Info,13-04-2026 13:53:53
404,404:Unsynced Data not found.,Info,13-04-2026 13:53:32
405,404:Unsynced Data not found.,Info,13-04-2026 13:53:12
406,404:Unsynced Data not found.,Info,13-04-2026 13:52:52
407,404:Unsynced Data not found.,Info,13-04-2026 13:52:32
408,404:Unsynced Data not found.,Info,13-04-2026 13:52:12
409,404:Unsynced Data not found.,Info,13-04-2026 13:51:51
410,404:Unsynced Data not found.,Info,13-04-2026 13:51:31
411,404:Unsynced Data not found.,Info,13-04-2026 13:51:11
412,404:Unsynced Data not found.,Info,13-04-2026 13:50:51
413,404:Unsynced Data not found.,Info,13-04-2026 13:50:31
414,404:Unsynced Data not found.,Info,13-04-2026 13:50:11
415,404:Unsynced Data not found.,Info,13-04-2026 13:49:50
416,404:Unsynced Data not found.,Info,13-04-2026 13:49:30
417,404:Unsynced Data not found.,Info,13-04-2026 13:49:10
418,404:Unsynced Data not found.,Info,13-04-2026 13:48:50
419,404:Unsynced Data not found.,Info,13-04-2026 13:48:30
420,404:Unsynced Data not found.,Info,13-04-2026 13:48:09
421,404:Unsynced Data not found.,Info,13-04-2026 13:47:49
422,404:Unsynced Data not found.,Info,13-04-2026 13:47:29
423,404:Unsynced Data not found.,Info,13-04-2026 13:47:09
424,404:Unsynced Data not found.,Info,13-04-2026 13:46:49
425,404:Unsynced Data not found.,Info,13-04-2026 13:46:28
426,404:Unsynced Data not found.,Info,13-04-2026 13:46:08
427,404:Unsynced Data not found.,Info,13-04-2026 13:45:48
428,404:Unsynced Data not found.,Info,13-04-2026 13:45:28
429,404:Unsynced Data not found.,Info,13-04-2026 13:45:08
430,404:Unsynced Data not found.,Info,13-04-2026 13:44:47
431,404:Unsynced Data not found.,Info,13-04-2026 13:44:27
432,404:Unsynced Data not found.,Info,13-04-2026 13:44:07
433,404:Unsynced Data not found.,Info,13-04-2026 13:43:47
434,404:Unsynced Data not found.,Info,13-04-2026 13:43:27
435,404:Unsynced Data not found.,Info,13-04-2026 13:43:06
436,404:Unsynced Data not found.,Info,13-04-2026 13:42:46
437,404:Unsynced Data not found.,Info,13-04-2026 13:42:26
438,404:Unsynced Data not found.,Info,13-04-2026 13:42:06
439,404:Unsynced Data not found.,Info,13-04-2026 13:41:46
440,404:Unsynced Data not found.,Info,13-04-2026 13:41:25
441,404:Unsynced Data not found.,Info,13-04-2026 13:41:05
442,404:Unsynced Data not found.,Info,13-04-2026 13:40:45
443,404:Unsynced Data not found.,Info,13-04-2026 13:40:25
444,404:Unsynced Data not found.,Info,13-04-2026 13:40:05
445,Internet not available. Skipping sync.,Warning,13-04-2026 13:39:44
446,404:Unsynced Data not found.,Info,13-04-2026 13:39:20
447,404:Unsynced Data not found.,Info,13-04-2026 13:38:59
448,404:Unsynced Data not found.,Info,13-04-2026 13:38:39
449,404:Unsynced Data not found.,Info,13-04-2026 13:38:19
450,404:Unsynced Data not found.,Info,13-04-2026 13:37:59
451,404:Unsynced Data not found.,Info,13-04-2026 13:37:39
452,404:Unsynced Data not found.,Info,13-04-2026 13:37:18
453,404:Unsynced Data not found.,Info,13-04-2026 13:36:58
454,404:Unsynced Data not found.,Info,13-04-2026 13:36:38
455,404:Unsynced Data not found.,Info,13-04-2026 13:36:18
456,404:Unsynced Data not found.,Info,13-04-2026 13:35:58
457,404:Unsynced Data not found.,Info,13-04-2026 13:35:37
458,404:Unsynced Data not found.,Info,13-04-2026 13:35:17
459,404:Unsynced Data not found.,Info,13-04-2026 13:34:57
460,404:Unsynced Data not found.,Info,13-04-2026 13:34:37
461,404:Unsynced Data not found.,Info,13-04-2026 13:34:17
462,404:Unsynced Data not found.,Info,13-04-2026 13:33:57
463,404:Unsynced Data not found.,Info,13-04-2026 13:33:36
464,404:Unsynced Data not found.,Info,13-04-2026 13:33:16
465,404:Unsynced Data not found.,Info,13-04-2026 13:32:56
466,404:Unsynced Data not found.,Info,13-04-2026 13:32:36
467,404:Unsynced Data not found.,Info,13-04-2026 13:32:16
468,404:Unsynced Data not found.,Info,13-04-2026 13:31:55
469,404:Unsynced Data not found.,Info,13-04-2026 13:31:35
470,404:Unsynced Data not found.,Info,13-04-2026 13:31:15
471,404:Unsynced Data not found.,Info,13-04-2026 13:30:55
472,404:Unsynced Data not found.,Info,13-04-2026 13:30:35
473,404:Unsynced Data not found.,Info,13-04-2026 13:30:14
474,404:Unsynced Data not found.,Info,13-04-2026 13:29:54
475,404:Unsynced Data not found.,Info,13-04-2026 13:29:34
476,404:Unsynced Data not found.,Info,13-04-2026 13:29:14
477,404:Unsynced Data not found.,Info,13-04-2026 13:28:54
478,404:Unsynced Data not found.,Info,13-04-2026 13:28:33
479,404:Unsynced Data not found.,Info,13-04-2026 13:28:13
480,404:Unsynced Data not found.,Info,13-04-2026 13:27:53
481,404:Unsynced Data not found.,Info,13-04-2026 13:27:33
482,404:Unsynced Data not found.,Info,13-04-2026 13:27:13
483,404:Unsynced Data not found.,Info,13-04-2026 13:26:52
484,404:Unsynced Data not found.,Info,13-04-2026 13:26:32
485,404:Unsynced Data not found.,Info,13-04-2026 13:26:12
486,404:Unsynced Data not found.,Info,13-04-2026 13:25:52
487,404:Unsynced Data not found.,Info,13-04-2026 13:25:32
488,404:Unsynced Data not found.,Info,13-04-2026 13:25:11
489,404:Unsynced Data not found.,Info,13-04-2026 13:24:51
490,404:Unsynced Data not found.,Info,13-04-2026 13:24:31
491,404:Unsynced Data not found.,Info,13-04-2026 13:24:11
492,404:Unsynced Data not found.,Info,13-04-2026 13:23:51
493,404:Unsynced Data not found.,Info,13-04-2026 13:23:30
494,404:Unsynced Data not found.,Info,13-04-2026 13:23:10
495,404:Unsynced Data not found.,Info,13-04-2026 13:22:50
496,404:Unsynced Data not found.,Info,13-04-2026 13:22:30
497,404:Unsynced Data not found.,Info,13-04-2026 13:22:10
498,404:Unsynced Data not found.,Info,13-04-2026 13:21:49
499,404:Unsynced Data not found.,Info,13-04-2026 13:21:29
500,404:Unsynced Data not found.,Info,13-04-2026 13:21:09
